admin,Tester303,Tester12345,Name303,Surname303,Tester303.png
officer,Tester202,Tester1234,Name202,Surname202,rickroll.gif,Education
user,Tester101,Tester12345,Name101,Surname101,Tester101.png
user,Kevin99008,KevinGG555,Salute,Khumyunn,Kevin99008.png
user,aatrox,LoveWorld1150,Aarox,DoubleAatrox,aatrox.jpg
user,auratic_uel,Nonlnwza007,Natchanon,Kaewmongkol,rickroll.gif
user,QWERTY,QWERTy123,QWE,RTY,rickroll.gif
user,Kevin69420,Kevin555,Kevin,Nivek,Kevin69420.png
user,KKKK333,Kevin12345,ffvwww,eerrr,rickroll.gif
officer,jojo,Jojo1234,asdfw,rrffe,rickroll.gif,Transportation
officer,akali,LoveRamen1150,Akali,Jomen,akali.png,Education
